Workbook

Sheet Criterios
A1: CRITERIOS DE EVALUACION Y FUENTES
A3: Valor | B3: Probabilidad | D3: Valor | E3: Impacto | G3: Puntuacion | H3: Clasificacion
A4: 1 | B4: Rara | D4: 1 | E4: Insignificante | G4: 1 a 7 | H4: Bajo
A5: 2 | B5: Poco probable | D5: 2 | E5: Menor | G5: 8 a 14 | H5: Medio
A6: 3 | B6: Posible | D6: 3 | E6: Moderado | G6: 15 a 19 | H6: Alto
A7: 4 | B7: Probable | D7: 4 | E7: Mayor | G7: 20 a 25 | H7: Critico
A8: 5 | B8: Muy probable | D8: 5 | E8: Critico
A11: Fuente | B11: URL
A12: OWASP Top 10:2025 | B12: https://owasp.org/Top10/2025/
A13: Proyecto OWASP Top Ten | B13: https://owasp.org/projects/top-ten/

Sheet Matriz Riesgos OWASP
A1: MATRIZ DE RIESGOS DE SEGURIDAD WEB - OWASP TOP 10:2025
A2: Proyecto 7 WAF Shield Cloud - Seguridad Perimetral para Aplicaciones en la Nube
A3: Responsable: Edwin Eliseo Gomez Flores - Analista QA / Seguridad Jr.
A4: Fase 1 - Analisis del entorno, riesgos y diseno de la solucion
A5: Metodologia: Riesgo inherente = Probabilidad x Impacto. Valoracion preliminar sujeta a validacion durante las pruebas del sistema.
A7: ID | B7: Categoria OWASP | C7: Activo o componente afectado | D7: Escenario de riesgo | E7: Vulnerabilidad o causa | F7: Amenaza | G7: Consecuencia potencial | H7: Probabilidad | I7: Impacto | J7: Nivel inherente | K7: Clasificacion | L7: Control WAF propuesto | M7: Control complementario | N7: Escenario preliminar de validacion | O7: Responsable | P7: Estado
A8: A01 | B8: A01:2025 - Control de acceso roto | C8: Panel administrativo, rutas protegidas y endpoints | D8: Un usuario no autorizado intenta acceder a recursos restringidos. | E8: Validacion insuficiente de permisos y exposicion de rutas sensibles. | F8: Acceso no autorizado y manipulacion de solicitudes. | G8: Consulta, modificacion o eliminacion no autorizada de informacion. | H8: 4 | I8: 5 | J8: =H8*I8 -> 20 | K8: =IF(J8>=20,"Critico",IF(J8>=15,"Alto",IF(J8>=8,"Medio","Bajo"))) -> Critico | L8: Bloquear patrones anomalos, restringir rutas sensibles y aplicar limitacion de solicitudes. | M8: Autorizacion por roles, principio de minimo privilegio y validacion del lado servidor. | N8: Enviar solicitudes a rutas protegidas sin credenciales o con permisos insuficientes. | O8: Analista QA / Seguridad Jr. | P8: Pendiente de validacion
A9: A02 | B9: A02:2025 - Configuracion incorrecta de seguridad | C9: Servidor web, WAF, proxy, cabeceras HTTP y servicios publicados | D9: Una configuracion insegura expone informacion o funcionalidades innecesarias. | E9: Reglas predeterminadas, servicios innecesarios o cabeceras de seguridad ausentes. | F9: Reconocimiento, explotacion de configuracion y exposicion de informacion. | G9: Exposicion de datos tecnicos, rutas internas o servicios vulnerables. | H9: 4 | I9: 5 | J9: =H9*I9 -> 20 | K9: =IF(J9>=20,"Critico",IF(J9>=15,"Alto",IF(J9>=8,"Medio","Bajo"))) -> Critico | L9: Aplicar reglas administradas, bloquear metodos innecesarios y restringir rutas. | M9: Configurar HTTPS, cabeceras de seguridad, puertos minimos y endurecimiento del servidor. | N9: Revisar respuestas HTTP, metodos permitidos, cabeceras y rutas expuestas. | O9: Analista QA / Seguridad Jr. | P9: Pendiente de validacion
A10: A03 | B10: A03:2025 - Fallos en la cadena de suministro de software | C10: Dependencias, librerias, repositorio y proceso de despliegue | D10: Una dependencia vulnerable o alterada compromete la aplicacion. | E10: Uso de componentes sin verificacion, versiones desactualizadas o dependencias comprometidas. | F10: Explotacion de componentes vulnerables o manipulacion de dependencias. | G10: Ejecucion de codigo, afectacion del servicio o compromiso de datos. | H10: 3 | I10: 5 | J10: =H10*I10 -> 15 | K10: =IF(J10>=20,"Critico",IF(J10>=15,"Alto",IF(J10>=8,"Medio","Bajo"))) -> Alto | L10: Detectar y bloquear trafico relacionado con explotacion conocida cuando sea posible. | M10: Inventario de dependencias, revision de versiones, control de integridad y analisis de componentes. | N10: Revisar dependencias declaradas y verificar componentes desactualizados o vulnerables. | O10: Analista QA / Seguridad Jr. | P10: Pendiente de validacion
A11: A04 | B11: A04:2025 - Fallos criptograficos | C11: Inicio de sesion, transmision de datos y posibles datos sensibles | D11: Informacion sensible se transmite o almacena sin proteccion adecuada. | E11: Uso inadecuado de HTTPS, cifrado debil o exposicion de informacion sensible. | F11: Intercepcion, divulgacion o manipulacion de informacion. | G11: Perdida de confidencialidad e integridad de los datos. | H11: 3 | I11: 5 | J11: =H11*I11 -> 15 | K11: =IF(J11>=20,"Critico",IF(J11>=15,"Alto",IF(J11>=8,"Medio","Bajo"))) -> Alto | L11: Forzar trafico HTTPS y rechazar solicitudes no seguras. | M11: Usar TLS vigente, gestionar secretos de forma segura y evitar datos sensibles en URL. | N11: Verificar redireccion HTTPS, certificado y ausencia de datos sensibles en parametros visibles. | O11: Analista QA / Seguridad Jr. | P11: Pendiente de validacion
A12: A05 | B12: A05:2025 - Inyeccion | C12: Formularios, parametros URL, campos de entrada, consultas y API | D12: Un atacante introduce datos maliciosos en una entrada procesada por la aplicacion. | E12: Entradas sin validacion ni sanitizacion suficiente. | F12: SQL Injection, inyeccion de comandos y Cross-Site Scripting. | G12: Acceso a datos, ejecucion de codigo o alteracion del funcionamiento. | H12: 5 | I12: 5 | J12: =H12*I12 -> 25 | K12: =IF(J12>=20,"Critico",IF(J12>=15,"Alto",IF(J12>=8,"Medio","Bajo"))) -> Critico | L12: Activar reglas contra inyeccion, patrones maliciosos y cargas sospechosas. | M12: Validacion de entradas, consultas parametrizadas, codificacion de salida y controles del lado servidor. | N12: Enviar cadenas de prueba controladas en formularios y parametros para comprobar deteccion y bloqueo. | O12: Analista QA / Seguridad Jr. | P12: Pendiente de validacion
A13: A06 | B13: A06:2025 - Diseno inseguro | C13: Arquitectura, formularios, flujo de autenticacion y procesos criticos | D13: El diseno permite abusar de una funcion aunque sus componentes esten correctamente configurados. | E13: Ausencia de controles desde el diseno y falta de analisis de amenazas. | F13: Abuso de logica de negocio, automatizacion y evasion de controles. | G13: Fraude, uso indebido de funciones o afectacion del servicio. | H13: 3 | I13: 5 | J13: =H13*I13 -> 15 | K13: =IF(J13>=20,"Critico",IF(J13>=15,"Alto",IF(J13>=8,"Medio","Bajo"))) -> Alto | L13: Aplicar limitacion de solicitudes y controles por ruta critica. | M13: Modelado de amenazas, requisitos de seguridad y controles dentro de la aplicacion. | N13: Analizar flujos criticos y simular uso repetitivo o secuencias no previstas. | O13: Analista QA / Seguridad Jr. | P13: Pendiente de validacion
A14: A07 | B14: A07:2025 - Fallos de autenticacion | C14: Formulario de inicio de sesion, recuperacion de contrasena y sesiones | D14: Un atacante intenta acceder mediante credenciales obtenidas o multiples intentos. | E14: Contrasenas debiles, falta de limitacion de intentos o gestion inadecuada de sesiones. | F14: Fuerza bruta, relleno de credenciales y secuestro de sesion. | G14: Acceso no autorizado a cuentas o funciones protegidas. | H14: 4 | I14: 5 | J14: =H14*I14 -> 20 | K14: =IF(J14>=20,"Critico",IF(J14>=15,"Alto",IF(J14>=8,"Medio","Bajo"))) -> Critico | L14: Aplicar rate limiting, desafios y bloqueo temporal ante intentos repetidos. | M14: Autenticacion robusta, gestion segura de sesiones y autenticacion multifactor cuando aplique. | N14: Ejecutar intentos repetidos controlados y comprobar limitacion, registro y respuesta. | O14: Analista QA / Seguridad Jr. | P14: Pendiente de validacion
A15: A08 | B15: A08:2025 - Fallos de integridad de software o datos | C15: Repositorio, archivos desplegados, actualizaciones y datos intercambiados | D15: La aplicacion utiliza codigo, actualizaciones o datos cuya integridad no ha sido verificada. | E15: Ausencia de comprobaciones de integridad y confianza en fuentes no verificadas. | F15: Manipulacion de archivos, actualizaciones o datos. | G15: Alteracion del sistema, ejecucion de componentes no autorizados o perdida de confianza. | H15: 3 | I15: 4 | J15: =H15*I15 -> 12 | K15: =IF(J15>=20,"Critico",IF(J15>=15,"Alto",IF(J15>=8,"Medio","Bajo"))) -> Medio | L15: Restringir cargas sospechosas y detectar patrones anomalos en solicitudes. | M15: Validar firmas o hashes, proteger ramas y revisar cambios antes del despliegue. | N15: Comprobar controles sobre cargas de archivos y trazabilidad de cambios en el repositorio. | O15: Analista QA / Seguridad Jr. | P15: Pendiente de validacion
A16: A09 | B16: A09:2025 - Fallos de registro y alertas de seguridad | C16: Logs del WAF, aplicacion, servidor y panel de monitoreo | D16: Una actividad sospechosa ocurre sin quedar registrada ni generar una alerta. | E16: Registro insuficiente, eventos incompletos o ausencia de revision y alertas. | F16: Actividad maliciosa no detectada o respuesta tardia. | G16: Imposibilidad de investigar incidentes y aumento del impacto. | H16: 4 | I16: 5 | J16: =H16*I16 -> 20 | K16: =IF(J16>=20,"Critico",IF(J16>=15,"Alto",IF(J16>=8,"Medio","Bajo"))) -> Critico | L16: Registrar solicitudes bloqueadas, direccion de origen, regla activada, fecha y recurso afectado. | M16: Centralizar logs, definir alertas y proteger la integridad de los registros. | N16: Generar solicitudes controladas y verificar que los eventos aparezcan en los registros. | O16: Analista QA / Seguridad Jr. | P16: Pendiente de validacion
A17: A10 | B17: A10:2025 - Gestion incorrecta de condiciones excepcionales | C17: Aplicacion web, API, servidor y mensajes de error | D17: Una entrada inesperada genera errores no controlados o revela informacion. | E17: Excepciones sin tratamiento, respuestas detalladas o validacion insuficiente de condiciones limite. | F17: Provocacion de errores, interrupcion o reconocimiento tecnico. | G17: Denegacion parcial del servicio y exposicion de datos internos. | H17: 3 | I17: 4 | J17: =H17*I17 -> 12 | K17: =IF(J17>=20,"Critico",IF(J17>=15,"Alto",IF(J17>=8,"Medio","Bajo"))) -> Medio | L17: Limitar solicitudes anomalas y bloquear patrones que provoquen errores repetidos. | M17: Gestionar excepciones, usar mensajes genericos y aplicar validacion de limites. | N17: Enviar entradas vacias, extensas, invalidas o inesperadas y revisar la respuesta obtenida. | O17: Analista QA / Seguridad Jr. | P17: Pendiente de validacion

Sheet Resumen
A1: RESUMEN EJECUTIVO DE RIESGOS - WAF SHIELD CLOUD
A3: Indicador | B3: Valor | D3: Clasificacion | E3: Cantidad
A4: Total de riesgos | B4: =COUNTA('Matriz Riesgos OWASP'!$A$8:$A$17) -> 10 | D4: Critico | E4: =COUNTIF('Matriz Riesgos OWASP'!$K$8:$K$17,D4) -> 5
A5: Riesgos criticos | B5: =COUNTIF('Matriz Riesgos OWASP'!$K$8:$K$17,"Critico") -> 5 | D5: Alto | E5: =COUNTIF('Matriz Riesgos OWASP'!$K$8:$K$17,D5) -> 3
A6: Riesgos altos | B6: =COUNTIF('Matriz Riesgos OWASP'!$K$8:$K$17,"Alto") -> 3 | D6: Medio | E6: =COUNTIF('Matriz Riesgos OWASP'!$K$8:$K$17,D6) -> 2
A7: Riesgos medios | B7: =COUNTIF('Matriz Riesgos OWASP'!$K$8:$K$17,"Medio") -> 2 | D7: Bajo | E7: =COUNTIF('Matriz Riesgos OWASP'!$K$8:$K$17,D7) -> 0
A8: Riesgos Bajos | B8: =COUNTIF('Matriz Riesgos OWASP'!$K$8:$K$17,"Bajo") -> 0
A10: Lectura preliminar: la matriz prioriza riesgos potenciales del escenario academico antes de implementar el WAF. Las puntuaciones deben actualizarse tras confirmar activos, arquitectura, reglas y resultados de pruebas controladas.

Sheet Verificacion Fase 2
A1: MATRIZ DE VERIFICACION - FASE 2
A2: Proyecto 7 WAF Shield Cloud - Responsable: Edwin Eliseo Gomez Flores - Analista QA / Seguridad Jr.
A4: Matriz preparada para futura ejecucion. No se reportan pruebas ejecutadas ni resultados obtenidos.
A5: Alcance: se definen casos, resultados esperados y evidencia a recopilar. La ejecucion y el ajuste de falsos positivos quedan para la fase correspondiente en el plan del proyecto.
A7: ID caso | B7: ID riesgo | C7: Categoria OWASP | D7: Componente o ruta | E7: Caso de verificacion preparado | F7: Resultado esperado | G7: Evidencia a recopilar | H7: Estado | I7: Observaciones
A8: V-01 | B8: A01 | C8: Control de acceso roto | D8: Rutas protegidas / panel administrativo | E8: Intentar acceder sin credenciales o con permisos insuficientes. | F8: Acceso denegado y recurso protegido no disponible. | G8: Respuesta HTTP, captura y registro disponible. | H8: Preparado | I8: Ruta por confirmar.
A9: V-02 | B9: A02 | C9: Configuracion incorrecta de seguridad | D9: Servidor web / WAF / proxy | E9: Revisar metodos permitidos, cabeceras y rutas publicadas. | F9: Solo deben estar disponibles los elementos aprobados en el diseno. | G9: Captura de configuracion y respuesta HTTP. | H9: Preparado | I9: Revision documental y tecnica pendiente.
A10: V-03 | B10: A03 | C10: Cadena de suministro de software | D10: Dependencias / repositorio | E10: Revisar dependencias declaradas y versiones utilizadas. | F10: Dependencias identificadas y sin componentes no autorizados. | G10: Listado de dependencias y captura del repositorio. | H10: Preparado | I10: No implica ejecutar explotaciones.
A11: V-04 | B11: A04 | C11: Fallos criptograficos | D11: Inicio de sesion / transmision | E11: Comprobar uso de HTTPS y ausencia de datos sensibles visibles. | F11: Conexion segura y sin datos sensibles expuestos en la URL. | G11: Captura del navegador, certificado y respuesta HTTP. | H11: Preparado | I11: Validar cuando el entorno este disponible.
A12: V-05 | B12: A05 | C12: Inyeccion | D12: Formularios / parametros / API | E12: Enviar una cadena de prueba controlada en una entrada definida. | F12: La entrada debe tratarse de forma segura y segun el control configurado. | G12: Respuesta HTTP, captura y registro del WAF. | H12: Preparado | I12: Sin ejecutar en esta entrega.
A13: V-06 | B13: A06 | C13: Diseno inseguro | D13: Flujos criticos de la aplicacion | E13: Revisar un flujo repetitivo o una secuencia no prevista. | F13: El flujo debe conservar las restricciones definidas en el diseno. | G13: Captura del flujo y registro disponible. | H13: Preparado | I13: Flujo por confirmar.
A14: V-07 | B14: A07 | C14: Fallos de autenticacion | D14: Formulario de inicio de sesion | E14: Preparar intentos repetidos controlados de autenticacion. | F14: Debe aplicarse la limitacion y registro definidos para el acceso. | G14: Respuesta HTTP, captura y registro del WAF. | H14: Preparado | I14: Cantidad de intentos por definir con el equipo.
A15: V-08 | B15: A08 | C15: Integridad de software o datos | D15: Repositorio / archivos desplegados | E15: Revisar trazabilidad de cambios y controles sobre archivos. | F15: Los cambios deben quedar identificados y proceder de fuentes autorizadas. | G15: Historial de cambios, commit y captura. | H15: Preparado | I15: Revision sobre repositorio.
A16: V-09 | B16: A09 | C16: Registro y alertas de seguridad | D16: Logs del WAF / aplicacion | E16: Generar posteriormente una solicitud controlada para comprobar el registro. | F16: El evento debe registrar fecha, origen, recurso y regla o motivo. | G16: Captura del log y detalle del evento. | H16: Preparado | I16: Ejecucion pendiente segun plan.
A17: V-10 | B17: A10 | C17: Condiciones excepcionales | D17: Aplicacion web / API | E17: Preparar entradas vacias, invalidas o fuera de rango. | F17: La aplicacion debe responder sin exponer informacion interna. | G17: Respuesta HTTP, captura y registro disponible. | H17: Preparado | I17: Sin ejecutar en esta entrega.
